{"DILUTION_OF_PRECISION":49,"ALLOW_SKIP_MANUAL_GPS":true,"SIGHTING_ACCURACY":20.0,"USE_GPS_TIME":true,"APP_NAME":"SMART Mobile Application","USE_TITLE_BAR":false,"SKIP_BUTTON_TIMEOUT":3,"SIMPLE_CAMERA":true,"SHOW_GPS":true,"SIGHTING_FIX_COUNT":10,"RESET_ON_NEXT":true,"TEST_TIME":false,"CAN_PAUSE":true,"MANUAL_GPS":false,"KIOSK_MODE":false,"USE_LARGE_TABS":false,"LOCK100":false,"AUTO_NEXT":false,"MAX_PHOTO_COUNT":10,"UTM_ZONE":0,"DISABLE_EDITING":false,"LARGE_SCROLL_BARS":false,"EXIT_PIN":1234,"GPS_TIME_ZONE":0,"FIELD_MAP_FILENAME":"","USE_MAP_ON_SKIP":true,"SHOW_EDIT":true,"USE_SD_CARD":false,"PROJECTION":0,"WAYPOINT_TIMER":300,"TRACK_ACCURACY":20.0,"USE_LARGE_TITLES":true,"RESET_ON_SYNC":false}