<?xml version="1.0" encoding="UTF-8" standalone="yes"?>
<ConfigurableModel xmlns="http://www.smartconservationsoftware.org/xml/1.0/dataentry" instantGps="false" photoFirst="false" iconSet="color">
    <languages>
        <language code="en" is_default="false"/>
        <language code="es" is_default="true"/>
    </languages>
    <name language_code="es" value="avistamiento primates" source="CM"/>
    <nodes>
        <node categoryKey="especies" categoryHkey="especies." dmUuid="7b08848b4b2742ab889bf67c416eb1f7" photoAllowed="false" photoRequired="true" id="9b09b15e-8fda-425f-8d78-968a8b8d9e5c" collectMultipleObs="false" useSingleGpsPoint="false" isCustomImage="false">
            <name language_code="es" value="Especies" source="CM"/>
            <attribute attributeKey="species" dmUuid="3067e723aa6d488083a9579103fd3945" id="1791a92b-b5c0-4b3b-8895-17f1735a66f7" configId="b29a37d0-4df2-4210-a992-bb671286a06f" type="TREE" required="false" isCustomImage="false">
                <name language_code="es" value="Species" source="CM"/>
                <option id="IS_VISIBLE" doubleValue="1.0"/>
                <option id="FLATTEN_TREE" doubleValue="0.0"/>
                <option id="ENTER_ONCE" stringValue="NONE"/>
            </attribute>
        </node>
        <node categoryKey="agegacionesmamiferosmarinos" categoryHkey="agegacionesmamiferosmarinos." dmUuid="2db57f8532154fdf86084c3be9bf2491" photoAllowed="false" photoRequired="true" id="e4401c7d-6642-4cff-8066-340795ed6a59" collectMultipleObs="false" useSingleGpsPoint="false" isCustomImage="false">
            <name language_code="en" value="AgregacionesMammiferosMarino" source="CM"/>
            <name language_code="es" value="Avistamiento" source="CM"/>
            <attribute attributeKey="nmeroadultos" dmUuid="2de6b8f0e38e4e94ac6775d4c299c8d2" id="7fea18b3-efc8-4f5f-b015-26ffb0d5b189" type="NUMERIC" required="false" isCustomImage="false">
                <name language_code="es" value="Número Adultos" source="CM"/>
                <option id="NUMERIC" doubleValue="0.0"/>
                <option id="IS_VISIBLE" doubleValue="1.0"/>
            </attribute>
            <attribute attributeKey="nmeroind" dmUuid="e80ba0fbf2904823a12136ea699c9a02" id="de09afda-756c-437a-8664-a227af588e29" type="NUMERIC" required="false" isCustomImage="false">
                <name language_code="es" value="Número Ind" source="CM"/>
                <option id="NUMERIC" doubleValue="0.0"/>
                <option id="IS_VISIBLE" doubleValue="1.0"/>
            </attribute>
            <attribute attributeKey="nmerojuveniles" dmUuid="9da8238260f445a5a5de89e9263d4d39" id="e98c3dbf-7429-47a5-9b7b-1077311deeaa" type="NUMERIC" required="false" isCustomImage="false">
                <name language_code="es" value="Número juveniles" source="CM"/>
                <option id="NUMERIC" doubleValue="0.0"/>
                <option id="IS_VISIBLE" doubleValue="1.0"/>
            </attribute>
            <attribute attributeKey="nmerocras" dmUuid="0ebbc20a0e9b48bea7b0201bd2120e03" id="b50a1768-63ef-47a9-80e1-e238ffafb522" type="NUMERIC" required="false" isCustomImage="false">
                <name language_code="es" value="Número crías" source="CM"/>
                <option id="NUMERIC" doubleValue="0.0"/>
                <option id="IS_VISIBLE" doubleValue="1.0"/>
            </attribute>
        </node>
    </nodes>
    <attributeConfig id="b29a37d0-4df2-4210-a992-bb671286a06f" attributeKey="species" displayMode="TEXT" isDefault="true" attributeUuid="3067e723aa6d488083a9579103fd3945">
        <name language_code="es" value="Species" source="CM"/>
        <treeNode keyRef="chordata_rl" hkeyRef="chordata_rl." dmUuid="8c09094fca4b4d908faa9872f7019f6c" isActive="true" id="86109144-d88d-4917-84ba-3707c0b3eb33" isCustomImage="false">
            <name language_code="en" value="CHORDATA" source="DM"/>
            <children keyRef="mammalia_rl" hkeyRef="chordata_rl.mammalia_rl." dmUuid="78b837a15c3b4effa391a2f14398d4a0" isActive="true" id="70c11f7a-1db6-464b-9aa4-d8696f2c4b89" imageFile="tn_img1_70c11f7a1db6464b9aa4d8696f2c4b89.svg" isCustomImage="false">
                <name language_code="en" value="MAMMALIA" source="DM"/>
                <children keyRef="primates_rl" hkeyRef="chordata_rl.mammalia_rl.primates_rl." dmUuid="6a9f1269b0ab4027930e22aac82beb9f" isActive="true" id="26838d9d-4afa-48fa-93d0-7a1b3b36e8fd" imageFile="tn_img1_26838d9d4afa48fa93d07a1b3b36e8fd.svg" isCustomImage="false">
                    <name language_code="en" value="PRIMATES" source="DM"/>
                    <children keyRef="atelidae_rl" hkeyRef="chordata_rl.mammalia_rl.primates_rl.atelidae_rl." dmUuid="1f56928aa2ae441383a0e0f4986f7c0e" isActive="true" id="5c91ea54-122c-4ff1-9d79-f26551e269f0" isCustomImage="false">
                        <name language_code="en" value="ATELIDAE" source="DM"/>
                        <children keyRef="alouatta_rl" hkeyRef="chordata_rl.mammalia_rl.primates_rl.atelidae_rl.alouatta_rl." dmUuid="0eb717864e9f45f5992d7af71d155f3b" isActive="true" id="65d65730-3672-4e37-9780-0c3317d440ae" isCustomImage="false">
                            <name language_code="en" value="Alouatta" source="DM"/>
                            <children keyRef="alouattapalliata_rl39960" hkeyRef="chordata_rl.mammalia_rl.primates_rl.atelidae_rl.alouatta_rl.alouattapalliata_rl39960." dmUuid="819ae4e5e3b24279af73f59649813e38" isActive="true" id="5eac9e66-ac62-4b09-a985-c15a6ddca2bd" isCustomImage="false">
<name language_code="en" value="Alouatta palliata (Mantled Howler Monkey, Ecuadorian Mantled Howling Monkey, South Pacific Blackish Howling Monkey)" source="DM"/>
<name language_code="es" value="Alouatta palliata (Aullador De La Costa, Mono Aullador, Mono Congo)" source="DM"/>
                            </children>
                        </children>
                        <children keyRef="ateles_rl" hkeyRef="chordata_rl.mammalia_rl.primates_rl.atelidae_rl.ateles_rl." dmUuid="d512c543ecb847219bcda26affcc612f" isActive="true" id="7f41f9ed-b7e1-457b-a463-48f2873dfd73" isCustomImage="false">
                            <name language_code="en" value="Ateles" source="DM"/>
                            <children keyRef="atelesgeoffroyi_rl2279" hkeyRef="chordata_rl.mammalia_rl.primates_rl.atelidae_rl.ateles_rl.atelesgeoffroyi_rl2279." dmUuid="e676c78c549d434ab61a159e409a487e" isActive="true" id="dba13f14-d469-4c12-93c4-b4b3ae591103" isCustomImage="false">
<name language_code="en" value="Ateles geoffroyi (Geoffroy's Spider Monkey, Black-handed Spider Monkey, Central American Spider Monkey, Geoffroy's Spider Monkey, Mono Colorado)" source="DM"/>
<name language_code="es" value="Ateles geoffroyi (Mico, Mono Araña)" source="DM"/>
                            </children>
                        </children>
                    </children>
                    <children keyRef="cebidae_rl" hkeyRef="chordata_rl.mammalia_rl.primates_rl.cebidae_rl." dmUuid="e4b4ca11a780425c9a26364996c2e9e6" isActive="true" id="4d9a50cc-a196-4904-ae9b-98ab9841bbca" isCustomImage="false">
                        <name language_code="en" value="CEBIDAE" source="DM"/>
                        <children keyRef="cebus_rl" hkeyRef="chordata_rl.mammalia_rl.primates_rl.cebidae_rl.cebus_rl." dmUuid="188614a2fd0d4c1889d96d1ea0a0b620" isActive="true" id="5eac2139-66ed-4245-9831-39fb2ee5459a" isCustomImage="false">
                            <name language_code="en" value="Cebus" source="DM"/>
                            <children keyRef="cebuscapucinusssp_imitator_rl43936" hkeyRef="chordata_rl.mammalia_rl.primates_rl.cebidae_rl.cebus_rl.cebuscapucinusssp_imitator_rl43936." dmUuid="781c1fd761624c999b5fb6aed33bd092" isActive="true" id="ec4d4882-9b45-4c98-9cbd-75fe28c55df1" isCustomImage="false">
<name language_code="en" value="Cebus capucinus ssp. imitator (Panamanian White-throated Capuchin)" source="DM"/>
<name language_code="es" value="Cebus capucinus ssp. imitator" source="DM"/>
                            </children>
                        </children>
                        <children keyRef="saimiri_rl" hkeyRef="chordata_rl.mammalia_rl.primates_rl.cebidae_rl.saimiri_rl." dmUuid="0da5e3cc30544103ae6fd205a32e317b" isActive="true" id="2887ad11-281d-49cf-be2c-8ac9901293f6" isCustomImage="false">
                            <name language_code="en" value="Saimiri" source="DM"/>
                            <children keyRef="saimirioerstediissp_citrinellus_rl19841" hkeyRef="chordata_rl.mammalia_rl.primates_rl.cebidae_rl.saimiri_rl.saimirioerstediissp_citrinellus_rl19841." dmUuid="dd4a6cf083dc4ab3a686a64d7ab21922" isActive="true" id="bce9e0b4-07f7-48bf-aafc-605ff014bc83" isCustomImage="false">
<name language_code="en" value="Saimiri oerstedii ssp. citrinellus (Grey-crowned Central American Squirrel Monkey)" source="DM"/>
<name language_code="es" value="Saimiri oerstedii ssp. citrinellus" source="DM"/>
                            </children>
                            <children keyRef="saimirioerstediissp_oerstedii_rl19840" hkeyRef="chordata_rl.mammalia_rl.primates_rl.cebidae_rl.saimiri_rl.saimirioerstediissp_oerstedii_rl19840." dmUuid="730f518272dc4766b4000b363a6045d7" isActive="true" id="92c5b765-d11d-40ef-9009-45dcd80e7356" isCustomImage="false">
<name language_code="en" value="Saimiri oerstedii ssp. oerstedii (Black-crowned Central American Squirrel Monkey)" source="DM"/>
<name language_code="es" value="Saimiri oerstedii ssp. oerstedii" source="DM"/>
                            </children>
                        </children>
                    </children>
                </children>
            </children>
        </treeNode>
    </attributeConfig>
    <extraData type="ct_profile">
        <labelKey key="name">
            <label language_code="es" value="Guido"/>
        </labelKey>
    </extraData>
    <extraData type="connect_ct_properties">
        <stringKey key="ping_alert_type"/>
        <integerKey key="ping_frequency" value="0"/>
        <integerKey key="data_frequence"/>
    </extraData>
</ConfigurableModel>
