[{"SMART_PatrolTransport":{"isRequired":true,"options":[{"label_es":"Bote","label_default":"Bote","uuid":"2566759d69db4c83a24b3465aaa66a17","key":"bote"},{"label_es":"Transecto","label_default":"Transecto","uuid":"c51ae35f11b848fea17a89a7cd488fe5","key":"transecto"}],"label":"Tipo de Transporte del Patrullaje","isVisible":true,"type":"SINGLE_CHOICE","isFixed":false}},{"SMART_Armed":{"isRequired":true,"label":"Esta Armado","isVisible":true,"type":"BOOLEAN","isFixed":true}},{"SMART_Team":{"isRequired":false,"options":[],"label":"Equipo","isVisible":true,"type":"SINGLE_CHOICE","isFixed":true}},{"SMART_Station":{"isRequired":false,"options":[{"label_es":"PNMB","label_default":"PNMB","uuid":"13cf209f2c5d448981b3f107063302ee"},{"label_es":"RBIC","label_default":"RBIC","uuid":"e438cf5ccd5d4f9888a1e11525a10414"}],"label":"Estación","isVisible":true,"type":"SINGLE_CHOICE","isFixed":true}},{"SMART_Mandate":{"isRequired":true,"options":[{"label_es":"Monitoreo","label_default":"Monitoreo","uuid":"0f40a193e8984838ba0dac31b344ba1d","key":"monitoreo"}],"label":"Mandato","isVisible":true,"type":"SINGLE_CHOICE","isFixed":false}},{"SMART_Objective":{"isRequired":false,"label":"Objetivo","isVisible":true,"type":"TEXT","isFixed":true}},{"SMART_Comments":{"isRequired":false,"label":"Comentario","isVisible":true,"type":"TEXT","isFixed":true}},{"SMART_Employees":{"isRequired":true,"options":[{"label":"Eugenia Arguedas","uuid":"68ea9ed6dc2a439ca0d6eac5a92b650f"},{"label":"Guido Saborio","uuid":"75c8963ce24a49e7aa3166536d8a69b1"},{"label":"pronamec pronamec","uuid":"7bffef62b8624b4f9b5522a50fff564a"}],"label":"Empleados","isVisible":true,"type":"MULTI_CHOICE","isFixed":false}},{"SMART_Leader":{"parent":"SMART_Employees","isRequired":true,"label":"Líder","isVisible":true,"type":"SINGLE_CHOICE","isFixed":false}},{"SMART_Pilot":{"parent":"SMART_Employees","isRequired":false,"required_by":{"SMART_PatrolTransport":["2566759d69db4c83a24b3465aaa66a17"]},"label":"Piloto","isVisible":true,"type":"SINGLE_CHOICE","isFixed":false}},{"SMART_DataType":{"isRequired":true,"default":"patrol","generated":false,"isVisible":false,"type":"TEXT"}},{"SMART_PatrolID":{"isRequired":true,"generated":true,"isVisible":false,"type":"UUID"}},{"SMART_PatrolStartDate":{"isRequired":true,"generated":true,"isVisible":false,"type":"DATE"}},{"SMART_PatrolStartTime":{"isRequired":true,"generated":true,"isVisible":false,"type":"TIME"}}]